{"descriptor":{"id":"pigeonWithoutExplosion","initial":"pigeonRunning"},"states":[{"type":"PlaybackState","name":"pigeonRunning","animationId":"","loop":true,"autoplay":true,"segment":"bird","transitions":[{"type":"Transition","toState":"feathersFalling","guards":[{"type":"Event","triggerName":"explode"}]}]},{"type":"PlaybackState","name":"feathersFalling","animationId":"","loop":false,"autoplay":true,"segment":"feathers","transitions":[{"type":"Transition","toState":"pigeonRunning","guards":[{"type":"Event","triggerName":"restart"}]}]}],"triggers":[{"type":"Event","name":"explode"},{"type":"Event","name":"rainFeathers"},{"type":"Event","name":"restart"}],"listeners":[{"type":"PointerDown","actions":[{"type":"Fire","triggerName":"explode"}]},{"type":"PointerDown","actions":[{"type":"Fire","triggerName":"restart"}]}]}